id,accid,text,date
0,9131602584,"Phasellus ut nunc aliquam, ullamcorper ex eget, viverra tortor.",2012-5-13
1,9888689192,Vestibulum molestie ipsum vel orci ultricies cursus.,2006-10-31
2,9761005115,Sed posuere turpis id bibendum porta.,2017-8-27
3,9851121429,Duis tempor quam in diam commodo malesuada.,2020-8-5
4,9284616046,Vivamus convallis dui sed purus hendrerit sollicitudin.,2010-12-13
5,9810537619,Praesent sit amet odio aliquet tortor molestie semper a ut augue.,2020-5-28
6,9187576921,"Donec vel neque pharetra, dictum enim in, gravida tellus.",2005-12-16
7,9905781589,Morbi tempor leo vitae mattis facilisis.,2015-1-11
8,9168858643,"Vestibulum vel magna consectetur, fermentum ante et, interdum odio.",2009-5-17
9,9852114944,In sed augue ac tellus fringilla finibus.,2007-10-8
10,9683310683,Mauris egestas lectus eu ornare volutpat.,2017-6-5
11,9713996387,Donec mattis orci facilisis porta porttitor.,2019-11-10
12,9172251334,Nullam tincidunt elit et ullamcorper imperdiet.,2020-9-6
13,9966538135,"Lorem ipsum dolor sit amet, consectetur adipiscing elit.",2000-1-21
14,9491087110,Donec at odio eget ex dictum luctus at non sem.,2013-1-22
15,9188765978,Cras iaculis dui nec odio rutrum rhoncus.,2018-3-7
16,9582422698,Quisque convallis enim in fringilla ultricies.,2020-10-8
17,9996265823,Nullam ac purus eu magna pharetra porttitor.,2003-5-12
18,9279243045,"Ut iaculis elit eu libero maximus, at porta massa sagittis.",2018-7-26
19,9667134491,"Praesent congue velit a magna finibus, id eleifend libero egestas.",2004-4-28
