1,9076785405,contract,jpg,../data/users/9076785405/contract.jpg,1384-04-10
2,9076785405,profile,jpg,../data/users/9076785405/profile.jpg,1384-04-10
3,9158998017,contract,jpg,../data/users/9158998017/contract.jpg,1400-08-01
4,9158998017,profile,jpg,../data/users/9158998017/profile.jpg,1400-08-01
5,9217788168,contract,jpg,../data/users/9217788168/contract.jpg,1384-10-11
6,9217788168,profile,jpg,../data/users/9217788168/profile.jpg,1384-10-11
7,9233719241,contract,jpg,../data/users/9233719241/contract.jpg,1379-09-21
8,9233719241,profile,jpg,../data/users/9233719241/profile.jpg,1379-09-21
9,9337752008,contract,jpg,../data/users/9337752008/contract.jpg,1379-11-30
10,9337752008,profile,jpg,../data/users/9337752008/profile.jpg,1379-11-30
11,9389034193,contract,jpg,../data/users/9389034193/contract.jpg,1386-07-16
12,9389034193,profile,jpg,../data/users/9389034193/profile.jpg,1386-07-16
13,9496228610,contract,jpg,../data/users/9496228610/contract.jpg,1384-05-08
14,9496228610,profile,jpg,../data/users/9496228610/profile.jpg,1384-05-08
15,9548288299,contract,jpg,../data/users/9548288299/contract.jpg,1385-11-19
16,9548288299,profile,jpg,../data/users/9548288299/profile.jpg,1385-11-19
17,9640569114,contract,jpg,../data/users/9640569114/contract.jpg,1387-01-30
18,9640569114,profile,jpg,../data/users/9640569114/profile.jpg,1387-01-30
19,9663938765,contract,jpg,../data/users/9663938765/contract.jpg,1386-01-21
20,9663938765,profile,jpg,../data/users/9663938765/profile.jpg,1386-01-21
21,9712049433,contract,jpg,../data/users/9712049433/contract.jpg,1384-04-04
22,9712049433,profile,jpg,../data/users/9712049433/profile.jpg,1384-04-04
23,9787351988,contract,jpg,../data/users/9787351988/contract.jpg,1394-04-27
24,9787351988,profile,jpg,../data/users/9787351988/profile.jpg,1394-04-27
25,9805222828,contract,jpg,../data/users/9805222828/contract.jpg,1399-12-12
26,9805222828,profile,jpg,../data/users/9805222828/profile.jpg,1399-12-12
27,9827495636,contract,jpg,../data/users/9827495636/contract.jpg,1383-05-12
28,9827495636,profile,jpg,../data/users/9827495636/profile.jpg,1383-05-12
29,9875646285,contract,jpg,../data/users/9875646285/contract.jpg,1382-08-22
30,9875646285,profile,jpg,../data/users/9875646285/profile.jpg,1382-08-22
31,9877810333,contract,jpg,../data/users/9877810333/contract.jpg,1393-10-09
32,9877810333,profile,jpg,../data/users/9877810333/profile.jpg,1393-10-09
33,9886607218,contract,jpg,../data/users/9886607218/contract.jpg,1396-06-17
34,9886607218,profile,jpg,../data/users/9886607218/profile.jpg,1396-06-17
35,9911873641,contract,jpg,../data/users/9911873641/contract.jpg,1399-09-18
36,9911873641,profile,jpg,../data/users/9911873641/profile.jpg,1399-09-18
37,9912967033,contract,jpg,../data/users/9912967033/contract.jpg,1399-10-14
38,9912967033,profile,jpg,../data/users/9912967033/profile.jpg,1399-10-14
39,9920392530,contract,jpg,../data/users/9920392530/contract.jpg,1381-08-07
40,9920392530,profile,jpg,../data/users/9920392530/profile.jpg,1381-08-07
