id,accid,name,filetype,path,createdate
159,9131602584,v3_0455572,jpg,../files/img/boys-middleage/v3_0455572.jpg,2012-5-13
97,9888689192,v3_0107106,jpg,../files/img/boys-adult/v3_0107106.jpg,2006-10-31
178,9761005115,v3_0640663,jpg,../files/img/boys-middleage/v3_0640663.jpg,2017-8-27
33,9851121429,v3_0863670,jpg,../files/img/boys-adult/v3_0863670.jpg,2020-8-5
11,9284616046,v3_0500917,jpg,../files/img/girls-middleage/v3_0500917.jpg,2010-12-13
197,9810537619,v3_0561606,jpg,../files/img/girls-middleage/v3_0561606.jpg,2020-5-28
132,9187576921,v3_0420585,jpg,../files/img/girls-middleage/v3_0420585.jpg,2005-12-16
31,9905781589,v3_0730963,jpg,../files/img/boys-middleage/v3_0730963.jpg,2015-1-11
98,9168858643,v3_0549150,jpg,../files/img/boys-adult/v3_0549150.jpg,2009-5-17
41,9852114944,v3_0506674,jpg,../files/img/boys-adult/v3_0506674.jpg,2007-10-8
53,9683310683,v3_0443501,jpg,../files/img/boys-middleage/v3_0443501.jpg,2017-6-5
135,9713996387,v3_0091212,jpg,../files/img/girls-middleage/v3_0091212.jpg,2019-11-10
111,9172251334,v3_0303248,jpg,../files/img/girls-adult/v3_0303248.jpg,2020-9-6
47,9966538135,v3_0107106,jpg,../files/img/boys-adult/v3_0107106.jpg,2000-1-21
121,9491087110,v3_0239111,jpg,../files/img/boys-middleage/v3_0239111.jpg,2013-1-22
145,9188765978,v3_0184512,jpg,../files/img/girls-adult/v3_0184512.jpg,2018-3-7
75,9582422698,v3_0971238,jpg,../files/img/girls-middleage/v3_0971238.jpg,2020-10-8
168,9996265823,v3_0444942,jpg,../files/img/boys-middleage/v3_0444942.jpg,2003-5-12
167,9279243045,v3_0869521,jpg,../files/img/girls-youngadult/v3_0869521.jpg,2018-7-26
42,9667134491,v3_0075051,jpg,../files/img/boys-adult/v3_0075051.jpg,2004-4-28
